Mutation,Position,MOV_placebo
C>A,1,0.950098801
C>G,2,1.959603801
C>T,3,3.897115152
T>A,4,1.218536378
T>C,5,3.02714368
T>G,6,0.676548336
G>T,7,1.590479541
G>C,8,2.929033439
G>A,9,15.61716951
A>T,10,1.125217965
A>G,11,6.46027189
A>C,12,1.193039149
